Birim Adı;İnternet Adresi;HTTPS Var mı?;SSL Geçerli mi?;Sertifika Başlangıç;Sertifika Bitiş;Strict-Transport-Security;Content-Security-Policy;X-Frame-Options;X-Content-Type-Options;Referrer-Policy;A02 - Cryptographic Failure;A05 - Security Misconfiguration;A08 - Software/Data Integrity Failure;Güvenlik Skoru (0-5);A01 - Broken Access Control;A04 - Insecure Design;A06 - Vulnerable and Outdated Components;A07 - Identification and Authentication Failures;A09 - Security Logging and Monitoring Failures;A10 - Server-Side Request Forgery;CSV Injection;CRLF Injection;Unrestricted File Upload;X-Powered-By Exposure;Iframe Kullanımı;Mixed Content Risk;Deprecated HTML Elements;Referrer Policy Mevcut mu?;Gzip Compression Aktif mi?;robots.txt Var mı?;sitemap.xml Var mı?;Doctype Var mı?;Title Tag Var mı?;Secure/HttpOnly Cookie Flag Eksik?;HSTS Süresi Yetersiz mi?;CORS Açıklığı Var mı?;Yanıt Süresi (ms);Mobil Uyumlu mu?;Başlık Boş mu?;headers;html;response_bytes;http_methods;CSP_Header;X_Frame_Options;X_Content_Type_Options;HSTS_Preload;HSTS_Include_Subdomains;HSTS_Max_Age;CORS_Wildcard;Dangerous_HTTP_Methods;Canonical_Tag;Meta_Description;OpenGraph_Tags;Lazy_Loading;Favicon;Google_Fonts;Page_Size_KB;DOM_Element_Count;Google_Analytics;Meta_Viewport;Structured_Data
ABDULLAH GÜL ÜNİVERSİTESİ;http://www.agu.edu.tr;False;False;;;False;False;False;False;False;True;True;True;0;True;False;False;False;True;Kapsam Dışı;False;False;False;False;False;False;False;False;False;False;False;False;False;False;True;False;-1;False;True;{};;b'';[];False;False;False;False;False;False;False;False;False;False;False;False;False;False;0.0;0;False;False;False
ACIBADEM MEHMET ALİ AYDINLAR ÜNİVERSİTESİ;http://www.acibadem.edu.tr;False;False;;;False;False;False;False;False;True;True;True;0;True;False;False;False;True;Kapsam Dışı;False;False;False;False;False;False;False;False;False;False;False;False;False;False;True;False;-1;False;True;{};;b'';[];False;False;False;False;False;False;False;False;False;False;False;False;False;False;0.0;0;False;False;False
ADANA ALPARSLAN TÜRKEŞ BİLİM VE TEKNOLOJİ ÜNİVERSİTESİ;http://www.atu.edu.tr;True;True;2025-04-09 00:00:00;2026-05-10 23:59:59;False;False;False;False;False;False;True;True;0;True;False;True;False;True;Kapsam Dışı;False;False;False;False;False;False;False;False;True;False;False;True;False;True;True;False;500;False;True;{};;b'';[];False;False;False;False;False;False;False;False;False;False;False;False;False;False;0.0;0;False;False;False
ADIYAMAN ÜNİVERSİTESİ;http://www.adiyaman.edu.tr/;True;True;2024-10-17 00:00:00;2025-10-23 23:59:59;True;False;False;False;False;False;True;True;1;True;False;False;False;True;Kapsam Dışı;False;False;False;True;False;True;False;False;False;True;True;True;True;True;True;False;608;False;False;{};;b'';[];False;False;False;False;False;False;False;False;False;False;False;False;False;False;0.0;0;False;False;False
AFYON KOCATEPE ÜNİVERSİTESİ;http://www.aku.edu.tr;True;True;2024-09-20 00:00:00;2025-08-20 23:59:59;True;False;False;False;False;False;True;True;1;True;True;False;True;True;Kapsam Dışı;False;False;False;False;False;True;True;False;True;True;True;True;True;True;True;False;815;True;False;{};;b'';[];False;False;False;False;False;False;False;False;False;False;False;False;False;False;0.0;0;False;False;False
AFYONKARAHİSAR SAĞLIK BİLİMLERİ ÜNİVERSİTESİ;www.afsu.edu.tr;False;False;;;False;False;False;False;False;True;True;True;0;True;False;False;False;True;Kapsam Dışı;False;False;False;False;False;False;False;False;False;False;False;False;False;False;True;False;-1;False;True;{};;b'';[];False;False;False;False;False;False;False;False;False;False;False;False;False;False;0.0;0;False;False;False
AĞRI İBRAHİM ÇEÇEN ÜNİVERSİTESİ;http://www.agri.edu.tr;True;True;2025-01-09 00:00:00;2026-02-09 23:59:59;False;False;False;False;False;False;True;True;0;True;True;False;True;True;Kapsam Dışı;False;False;False;True;False;True;False;False;False;False;False;True;True;True;True;False;2738;True;False;{};;b'';[];False;False;False;False;False;False;False;False;False;False;False;False;False;False;0.0;0;False;False;False
AKDENİZ ÜNİVERSİTESİ;http://www.akdeniz.edu.tr;True;True;2024-06-06 00:00:00;2025-06-11 23:59:59;True;False;False;False;False;False;True;True;1;True;True;False;True;True;Kapsam Dışı;False;False;False;True;False;True;False;False;True;True;True;True;True;True;True;False;598;True;False;{};;b'';[];False;False;False;False;False;False;False;False;False;False;False;False;False;False;0.0;0;False;False;False
AKSARAY ÜNİVERSİTESİ;www.aksaray.edu.tr;True;True;2025-05-17 20:31:28;2025-08-15 21:29:50;False;False;True;False;False;False;True;True;1;True;False;False;False;True;Kapsam Dışı;False;False;False;True;False;True;True;False;True;True;True;True;True;True;True;False;2586;True;False;{};;b'';[];False;False;False;False;False;False;False;False;False;False;False;False;False;False;0.0;0;False;False;False
ALANYA ALAADDİN KEYKUBAT ÜNİVERSİTESİ;http://www.alanya.edu.tr/;True;True;2025-05-08 12:31:58;2025-08-06 12:31:57;False;False;False;False;False;False;True;True;0;True;False;False;False;True;Kapsam Dışı;False;False;False;False;True;True;False;False;False;False;False;True;True;True;True;False;736;True;False;{};;b'';[];False;False;False;False;False;False;False;False;False;False;False;False;False;False;0.0;0;False;False;False
ALANYA ÜNİVERSİTESİ;"http://www.alanyauniversity.edu
.tr";False;False;;;False;False;False;False;False;True;True;True;0;True;False;False;False;True;Kapsam Dışı;False;False;False;False;False;False;False;False;False;False;False;False;False;False;True;False;-1;False;True;{};;b'';[];False;False;False;False;False;False;False;False;False;False;False;False;False;False;0.0;0;False;False;False
ALTINBAŞ ÜNİVERSİTESİ;http://www.altinbas.edu.tr/tr;True;True;2025-01-14 00:00:00;2026-02-14 23:59:59;True;True;True;True;False;False;False;False;4;True;True;False;True;True;Kapsam Dışı;False;False;False;False;True;True;False;False;True;True;False;True;True;True;True;True;374;True;False;{};;b'';[];False;False;False;False;False;False;False;False;False;False;False;False;False;False;0.0;0;False;False;False
AMASYA ÜNİVERSİTESİ;http://www.amasya.edu.tr;True;True;2024-08-26 00:00:00;2025-09-26 23:59:59;False;False;False;False;False;False;True;True;0;True;True;False;True;True;Kapsam Dışı;False;False;False;True;False;True;False;False;False;False;False;True;True;True;True;False;539;True;False;{};;b'';[];False;False;False;False;False;False;False;False;False;False;False;False;False;False;0.0;0;False;False;False
ANADOLU ÜNİVERSİTESİ;http://www.anadolu.edu.tr/;True;True;2025-05-08 15:23:44;2026-06-09 15:23:43;True;False;True;True;True;False;False;True;4;True;True;True;True;True;Kapsam Dışı;False;False;False;False;True;True;False;True;True;True;False;True;True;False;True;False;593;False;False;{};;b'';[];False;False;False;False;False;False;False;False;False;False;False;False;False;False;0.0;0;False;False;False
ANKA TEKNOLOJİ ÜNİVERSİTESİ;-;False;False;;;False;False;False;False;False;True;True;True;0;True;False;False;False;True;Kapsam Dışı;True;False;False;False;False;False;False;False;False;False;False;False;False;False;True;False;-1;False;True;{};;b'';[];False;False;False;False;False;False;False;False;False;False;False;False;False;False;0.0;0;False;False;False
ANKARA BİLİM ÜNİVERSİTESİ;www.ankarabilim.edu.tr;True;True;2024-12-12 00:00:00;2026-01-11 23:59:59;False;False;False;False;False;False;True;True;0;True;True;True;True;True;Kapsam Dışı;False;False;False;False;False;True;False;False;True;True;True;True;True;True;True;False;437;True;False;{};;b'';[];False;False;False;False;False;False;False;False;False;False;False;False;False;False;0.0;0;False;False;False
ANKARA HACI BAYRAM VELİ ÜNİVERSİTESİ;https://hacibayram.edu.tr;True;True;2024-07-29 09:37:09;2025-08-30 09:37:08;False;False;False;False;False;False;True;True;0;True;True;False;True;True;Kapsam Dışı;False;False;False;True;False;False;False;False;False;True;True;True;True;True;True;False;511;True;False;{};;b'';[];False;False;False;False;False;False;False;False;False;False;False;False;False;False;0.0;0;False;False;False
ANKARA MEDİPOL ÜNİVERSİTESİ;www.ankaramedipol.edu.tr;True;True;2025-03-23 13:32:08;2025-06-21 14:31:50;False;False;True;True;True;False;False;True;3;True;False;False;False;True;Kapsam Dışı;False;False;False;False;True;True;False;True;True;True;True;True;True;True;True;False;1035;True;False;{};;b'';[];False;False;False;False;False;False;False;False;False;False;False;False;False;False;0.0;0;False;False;False
ANKARA MÜZİK VE GÜZEL SANATLAR ÜNİVERSİTESİ;http://www.mgu.edu.tr;False;False;;;False;False;False;False;False;True;True;True;0;True;False;False;False;True;Kapsam Dışı;False;False;False;False;False;False;False;False;False;False;False;False;False;False;True;False;-1;False;True;{};;b'';[];False;False;False;False;False;False;False;False;False;False;False;False;False;False;0.0;0;False;False;False
ANKARA SOSYAL BİLİMLER ÜNİVERSİTESİ;http://www.asbu.edu.tr/;True;True;2025-01-31 00:00:00;2026-02-04 23:59:59;False;False;False;False;False;False;True;True;0;True;False;False;False;True;Kapsam Dışı;False;False;False;False;False;False;False;False;False;False;False;False;False;False;True;False;-1;False;True;{};;b'';[];False;False;False;False;False;False;False;False;False;False;False;False;False;False;0.0;0;False;False;False
ANKARA ÜNİVERSİTESİ;http://www.ankara.edu.tr;True;True;2025-04-29 00:00:00;2026-05-14 23:59:59;False;False;False;False;False;False;True;True;0;True;True;False;True;True;Kapsam Dışı;False;False;False;True;False;False;False;False;False;True;True;True;True;True;True;False;523;False;False;{};;b'';[];False;False;False;False;False;False;False;False;False;False;False;False;False;False;0.0;0;False;False;False
ANKARA YILDIRIM BEYAZIT ÜNİVERSİTESİ;www.aybu.edu.tr;True;True;2024-10-08 00:00:00;2025-11-08 23:59:59;True;False;False;False;False;False;True;True;1;True;True;False;True;True;Kapsam Dışı;False;False;False;True;False;True;False;False;False;True;True;True;True;True;True;False;1131;True;False;{};;b'';[];False;False;False;False;False;False;False;False;False;False;False;False;False;False;0.0;0;False;False;False
ANTALYA BELEK ÜNİVERSİTESİ;www.belek.edu.tr;True;True;2025-02-17 05:59:23;2026-02-17 05:59:23;True;False;False;False;False;False;True;True;1;True;False;False;False;True;Kapsam Dışı;False;False;False;True;False;True;False;False;True;False;False;True;True;True;True;False;778;True;False;{};;b'';[];False;False;False;False;False;False;False;False;False;False;False;False;False;False;0.0;0;False;False;False
ANTALYA BİLİM ÜNİVERSİTESİ;http://www.antalya.edu.tr/;True;True;2024-06-07 00:00:00;2025-06-06 23:59:59;False;False;False;False;False;False;True;True;0;True;True;False;True;True;Kapsam Dışı;False;False;False;False;True;True;False;False;True;True;True;False;True;False;True;False;372;True;False;{};;b'';[];False;False;False;False;False;False;False;False;False;False;False;False;False;False;0.0;0;False;False;False
ARDAHAN ÜNİVERSİTESİ;http://www.ardahan.edu.tr;True;True;2025-03-19 00:00:00;2026-04-19 23:59:59;False;False;False;False;False;False;True;True;0;True;False;True;True;True;Kapsam Dışı;False;False;False;True;True;True;True;False;True;True;True;True;True;True;True;False;4990;False;False;{};;b'';[];False;False;False;False;False;False;False;False;False;False;False;False;False;False;0.0;0;False;False;False
ARTVİN ÇORUH ÜNİVERSİTESİ;http://www.artvin.edu.tr;True;True;2025-05-06 20:39:31;2025-08-04 21:35:21;True;False;True;True;True;False;False;True;4;True;True;False;True;True;Kapsam Dışı;False;False;False;False;False;True;False;True;True;True;True;True;True;False;True;True;1324;True;False;{};;b'';[];False;False;False;False;False;False;False;False;False;False;False;False;False;False;0.0;0;False;False;False
ATAŞEHİR ADIGÜZEL MESLEK YÜKSEKOKULU;http://www.adiguzel.edu.tr/;True;True;2025-04-14 00:00:00;2026-04-14 23:59:59;False;False;False;False;False;False;True;True;0;True;False;False;False;True;Kapsam Dışı;False;False;False;True;False;True;False;False;True;True;True;True;True;True;True;False;468;True;False;{};;b'';[];False;False;False;False;False;False;False;False;False;False;False;False;False;False;0.0;0;False;False;False
ATATÜRK ÜNİVERSİTESİ;http://www.atauni.edu.tr;True;True;2025-05-07 14:18:56;2025-08-05 14:18:55;True;True;True;True;False;False;False;False;4;True;False;False;False;True;Kapsam Dışı;False;False;False;False;False;False;False;False;False;False;False;False;False;False;True;False;-1;False;True;{};;b'';[];False;False;False;False;False;False;False;False;False;False;False;False;False;False;0.0;0;False;False;False
ATILIM ÜNİVERSİTESİ;www.atilim.edu.tr;True;True;2024-10-09 09:50:09;2025-11-10 09:50:08;True;True;True;True;True;False;False;False;5;True;True;False;True;True;Kapsam Dışı;False;False;False;False;True;True;False;True;False;True;False;True;True;False;True;False;95;True;False;{};;b'';[];False;False;False;False;False;False;False;False;False;False;False;False;False;False;0.0;0;False;False;False
AVRASYA ÜNİVERSİTESİ;www.avrasya.edu.tr;True;True;2025-01-31 00:00:00;2026-01-01 23:59:59;False;False;False;False;False;False;True;True;0;True;False;False;False;True;Kapsam Dışı;False;False;False;True;False;True;False;False;True;True;True;True;True;True;True;False;530;False;False;{};;b'';[];False;False;False;False;False;False;False;False;False;False;False;False;False;False;0.0;0;False;False;False
AYDIN ADNAN MENDERES ÜNİVERSİTESİ;http://www.adu.edu.tr;True;True;2025-01-03 00:00:00;2026-02-03 23:59:59;False;False;False;False;False;False;True;True;0;True;True;False;True;True;Kapsam Dışı;False;False;False;True;False;True;False;False;False;True;True;True;True;True;True;False;660;True;False;{};;b'';[];False;False;False;False;False;False;False;False;False;False;False;False;False;False;0.0;0;False;False;False
BAHÇEŞEHİR ÜNİVERSİTESİ;http://www.bahcesehir.edu.tr;True;True;2024-12-24 14:09:25;2026-01-25 14:09:24;True;False;True;True;False;False;False;True;3;True;True;False;True;True;Kapsam Dışı;False;False;False;False;False;True;False;False;True;True;True;True;True;True;True;False;1534;True;False;{};;b'';[];False;False;False;False;False;False;False;False;False;False;False;False;False;False;0.0;0;False;False;False
BALIKESİR ÜNİVERSİTESİ;http://www.balikesir.edu.tr;False;False;;;False;False;False;False;False;True;True;True;0;True;False;False;False;True;Kapsam Dışı;False;False;False;False;False;False;False;False;False;False;False;False;False;False;True;False;-1;False;True;{};;b'';[];False;False;False;False;False;False;False;False;False;False;False;False;False;False;0.0;0;False;False;False
BANDIRMA ONYEDİ EYLÜL ÜNİVERSİTESİ;http://www.bandirma.edu.tr;True;True;2024-11-25 00:00:00;2025-11-25 23:59:59;False;False;True;False;False;False;True;True;1;True;True;False;True;True;Kapsam Dışı;False;False;False;True;False;True;False;False;True;False;False;True;True;False;True;False;1251;True;False;{};;b'';[];False;False;False;False;False;False;False;False;False;False;False;False;False;False;0.0;0;False;False;False
BARTIN ÜNİVERSİTESİ;http://www.bartin.edu.tr/;True;True;2024-09-05 00:00:00;2025-10-06 23:59:59;False;False;True;False;False;False;True;True;1;True;True;False;True;True;Kapsam Dışı;False;False;False;False;True;True;False;False;False;False;False;False;False;True;True;False;2949;False;False;{};;b'';[];False;False;False;False;False;False;False;False;False;False;False;False;False;False;0.0;0;False;False;False
BAŞKENT ÜNİVERSİTESİ;http://www.baskent.edu.tr;True;True;2025-03-26 00:00:00;2026-04-03 23:59:59;False;False;True;True;True;False;False;True;3;True;False;False;False;True;Kapsam Dışı;False;False;False;False;False;True;False;True;True;False;False;True;True;True;True;False;1239;False;False;{};;b'';[];False;False;False;False;False;False;False;False;False;False;False;False;False;False;0.0;0;False;False;False
BATMAN ÜNİVERSİTESİ;http://www.batman.edu.tr;True;True;2025-01-06 00:00:00;2025-12-03 23:59:59;True;False;False;False;True;False;True;True;2;True;True;False;True;True;Kapsam Dışı;False;False;False;False;True;True;True;True;False;True;True;True;True;True;True;False;866;True;False;{};;b'';[];False;False;False;False;False;False;False;False;False;False;False;False;False;False;0.0;0;False;False;False
BAYBURT ÜNİVERSİTESİ;https://bayburt.edu.tr;True;True;2024-07-18 00:00:00;2025-07-26 23:59:59;False;False;False;False;False;False;True;True;0;True;True;False;True;True;Kapsam Dışı;False;False;False;True;True;True;False;False;False;True;True;True;True;False;True;False;1833;True;False;{};;b'';[];False;False;False;False;False;False;False;False;False;False;False;False;False;False;0.0;0;False;False;False
BEYKOZ ÜNİVERSİTESİ;www.beykoz.edu.tr;True;True;2024-08-05 00:00:00;2025-08-05 23:59:59;True;False;True;True;False;False;False;True;3;True;False;False;True;True;Kapsam Dışı;False;False;False;False;True;True;False;False;True;True;True;True;True;True;True;False;672;True;False;{};;b'';[];False;False;False;False;False;False;False;False;False;False;False;False;False;False;0.0;0;False;False;False
BEZM-İ ÂLEM VAKIF ÜNİVERSİTESİ;http://www.bezmialem.edu.tr/;False;False;;;False;False;False;False;False;True;True;True;0;True;False;False;False;True;Kapsam Dışı;False;False;False;False;False;False;False;False;False;False;False;False;False;False;True;False;-1;False;True;{};;b'';[];False;False;False;False;False;False;False;False;False;False;False;False;False;False;0.0;0;False;False;False
BİLECİK ŞEYH EDEBALİ ÜNİVERSİTESİ;http://www.bilecik.edu.tr/;True;True;2024-05-30 13:47:04;2025-05-30 13:47:04;True;False;False;False;False;False;True;True;1;True;True;False;True;True;Kapsam Dışı;False;False;False;False;True;True;False;False;True;True;True;True;True;True;True;False;979;True;False;{};;b'';[];False;False;False;False;False;False;False;False;False;False;False;False;False;False;0.0;0;False;False;False
BİNGÖL ÜNİVERSİTESİ;http://www.bingol.edu.tr;True;True;2024-12-03 00:00:00;2025-12-03 23:59:59;False;False;False;False;False;False;True;True;0;True;True;False;True;True;Kapsam Dışı;False;False;False;True;True;True;False;False;False;False;False;True;True;True;True;False;182;False;False;{};;b'';[];False;False;False;False;False;False;False;False;False;False;False;False;False;False;0.0;0;False;False;False
BİRUNİ ÜNİVERSİTESİ;http://www.biruni.edu.tr/;True;True;2024-11-04 00:00:00;2025-12-05 23:59:59;False;False;True;False;False;False;True;True;1;True;True;False;True;True;Kapsam Dışı;False;False;False;False;False;True;False;False;True;False;False;True;True;False;True;False;642;True;False;{};;b'';[];False;False;False;False;False;False;False;False;False;False;False;False;False;False;0.0;0;False;False;False
BİTLİS EREN ÜNİVERSİTESİ;www.beu.edu.tr;False;False;;;False;False;False;False;False;True;True;True;0;True;False;False;False;True;Kapsam Dışı;False;False;False;False;False;False;False;False;False;False;False;False;False;False;True;False;-1;False;True;{};;b'';[];False;False;False;False;False;False;False;False;False;False;False;False;False;False;0.0;0;False;False;False
BOĞAZİÇİ ÜNİVERSİTESİ;https://www.bogazici.edu.tr;True;True;2024-08-13 00:00:00;2025-08-13 23:59:59;False;False;False;False;False;False;True;True;0;True;True;False;True;True;Kapsam Dışı;False;False;False;False;False;True;False;False;True;False;True;True;True;True;True;False;489;False;False;{};;b'';[];False;False;False;False;False;False;False;False;False;False;False;False;False;False;0.0;0;False;False;False
BOLU ABANT İZZET BAYSAL ÜNİVERSİTESİ;http://www.ibu.edu.tr/;True;True;2025-05-14 00:00:00;2026-03-09 23:59:59;False;False;False;False;False;False;True;True;0;True;False;False;False;True;Kapsam Dışı;False;False;False;False;False;False;False;False;False;False;False;False;False;True;True;False;4193;True;False;{};;b'';[];False;False;False;False;False;False;False;False;False;False;False;False;False;False;0.0;0;False;False;False
BURDUR MEHMET AKİF ERSOY ÜNİVERSİTESİ;http://www.mehmetakif.edu.tr;True;True;2024-09-03 00:00:00;2025-08-22 23:59:59;False;False;False;False;False;False;True;True;0;True;True;False;True;True;Kapsam Dışı;False;False;False;True;True;False;False;False;True;False;False;True;False;True;True;False;566;True;True;{};;b'';[];False;False;False;False;False;False;False;False;False;False;False;False;False;False;0.0;0;False;False;False
BURSA TEKNİK ÜNİVERSİTESİ;http://btu.edu.tr/;True;True;2024-12-20 11:34:11;2026-01-21 11:34:10;False;False;False;False;False;False;True;True;0;True;True;False;True;True;Kapsam Dışı;False;False;False;False;False;True;False;False;True;True;True;True;True;True;True;False;608;False;False;{};;b'';[];False;False;False;False;False;False;False;False;False;False;False;False;False;False;0.0;0;False;False;False
BURSA ULUDAĞ ÜNİVERSİTESİ;http://www.uludag.edu.tr/;True;True;2024-08-13 00:00:00;2025-09-04 23:59:59;True;False;False;False;False;False;True;True;1;True;True;False;True;True;Kapsam Dışı;False;False;False;False;True;True;False;False;True;True;True;True;True;True;True;False;574;True;False;{};;b'';[];False;False;False;False;False;False;False;False;False;False;False;False;False;False;0.0;0;False;False;False
ÇAĞ ÜNİVERSİTESİ;http://www.cag.edu.tr/;True;True;2025-05-06 23:49:49;2025-08-04 23:49:48;False;False;False;False;False;False;True;True;0;True;False;False;False;True;Kapsam Dışı;False;False;False;False;True;True;True;False;True;True;False;True;True;True;True;False;900;True;False;{};;b'';[];False;False;False;False;False;False;False;False;False;False;False;False;False;False;0.0;0;False;False;False
ÇANAKKALE ONSEKİZ MART ÜNİVERSİTESİ;www.comu.edu.tr;True;True;2024-09-30 00:00:00;2025-10-31 23:59:59;True;False;True;True;True;False;False;True;4;True;True;False;True;True;Kapsam Dışı;False;False;False;False;True;True;False;True;True;True;False;True;True;False;True;False;849;True;False;{};;b'';[];False;False;False;False;False;False;False;False;False;False;False;False;False;False;0.0;0;False;False;False
ÇANKAYA ÜNİVERSİTESİ;http://www.cankaya.edu.tr/;True;True;2024-06-07 00:00:00;2025-06-23 23:59:59;False;False;False;False;False;False;True;True;0;True;False;False;False;True;Kapsam Dışı;False;False;False;False;True;False;False;False;True;True;False;True;True;True;True;True;601;True;False;{};;b'';[];False;False;False;False;False;False;False;False;False;False;False;False;False;False;0.0;0;False;False;False
ÇANKIRI KARATEKİN ÜNİVERSİTESİ;www.karatekin.edu.tr;True;True;2025-05-15 05:01:45;2025-08-13 05:01:44;False;False;False;False;False;False;True;True;0;True;False;False;True;True;Kapsam Dışı;True;False;False;True;False;True;False;False;True;False;False;True;True;True;True;False;740;False;False;{};;b'';[];False;False;False;False;False;False;False;False;False;False;False;False;False;False;0.0;0;False;False;False
ÇUKUROVA ÜNİVERSİTESİ;www.cu.edu.tr;True;True;2024-10-04 14:15:55;2025-11-05 14:15:54;True;False;True;True;False;False;False;True;3;True;True;False;True;True;Kapsam Dışı;False;False;False;False;False;True;False;False;True;False;False;True;True;True;True;False;744;False;False;{};;b'';[];False;False;False;False;False;False;False;False;False;False;False;False;False;False;0.0;0;False;False;False
DEMİROĞLU BİLİM ÜNİVERSİTESİ;http://www.demiroglu.bilim.edu. tr;False;False;;;False;False;False;False;False;True;True;True;0;True;False;False;False;True;Kapsam Dışı;False;False;False;False;False;False;False;False;False;False;False;False;False;False;True;False;-1;False;True;{};;b'';[];False;False;False;False;False;False;False;False;False;False;False;False;False;False;0.0;0;False;False;False
DİCLE ÜNİVERSİTESİ;www.dicle.edu.tr;True;True;2025-05-05 12:25:07;2026-05-05 12:25:07;False;False;False;False;False;False;True;True;0;True;True;False;False;True;Kapsam Dışı;False;False;False;True;False;True;True;False;False;False;False;True;True;True;True;False;703;True;False;{};;b'';[];False;False;False;False;False;False;False;False;False;False;False;False;False;False;0.0;0;False;False;False
DOĞUŞ ÜNİVERSİTESİ;http://www.dogus.edu.tr;True;True;2024-08-03 08:27:26;2025-08-19 06:45:38;True;False;True;True;True;False;False;True;4;True;True;False;True;True;Kapsam Dışı;False;False;False;True;True;True;False;True;True;True;True;True;True;True;True;False;3108;False;False;{};;b'';[];False;False;False;False;False;False;False;False;False;False;False;False;False;False;0.0;0;False;False;False
DOKUZ EYLÜL ÜNİVERSİTESİ;http://www.deu.edu.tr;True;True;2024-05-17 00:00:00;2025-06-17 23:59:59;False;False;False;False;False;False;True;True;0;True;False;False;False;True;Kapsam Dışı;False;False;False;False;False;False;False;False;False;False;False;True;True;True;True;False;609;False;False;{};;b'';[];False;False;False;False;False;False;False;False;False;False;False;False;False;False;0.0;0;False;False;False
DÜZCE ÜNİVERSİTESİ;http://www.duzce.edu.tr/;True;True;2025-04-09 00:00:00;2026-05-10 23:59:59;False;False;False;False;False;False;True;True;0;True;False;True;False;True;Kapsam Dışı;False;False;False;True;False;True;False;False;True;False;False;True;True;True;True;False;763;True;False;{};;b'';[];False;False;False;False;False;False;False;False;False;False;False;False;False;False;0.0;0;False;False;False
EGE ÜNİVERSİTESİ;http://www.ege.edu.tr;True;True;2024-05-31 00:00:00;2025-05-31 23:59:59;False;False;False;False;False;False;True;True;0;True;True;False;True;True;Kapsam Dışı;False;False;False;True;False;True;False;False;False;True;True;False;True;True;True;True;644;True;True;{};;b'';[];False;False;False;False;False;False;False;False;False;False;False;False;False;False;0.0;0;False;False;False
ERCİYES ÜNİVERSİTESİ;http://www.erciyes.edu.tr;True;True;2024-07-03 00:00:00;2025-08-03 23:59:59;False;False;True;False;False;False;True;True;1;True;True;False;True;True;Kapsam Dışı;False;False;False;False;True;True;False;False;True;False;False;True;True;True;True;False;863;True;False;{};;b'';[];False;False;False;False;False;False;False;False;False;False;False;False;False;False;0.0;0;False;False;False
ERZİNCAN BİNALİ YILDIRIM ÜNİVERSİTESİ;http://www.ebyu.edu.tr;True;True;2024-10-01 00:00:00;2025-09-08 23:59:59;False;False;False;False;False;False;True;True;0;True;False;False;False;True;Kapsam Dışı;False;False;False;False;True;True;False;False;True;True;True;True;True;True;True;False;1501;False;False;{};;b'';[];False;False;False;False;False;False;False;False;False;False;False;False;False;False;0.0;0;False;False;False
ERZURUM TEKNİK ÜNİVERSİTESİ;http://www.erzurum.edu.tr/;True;True;2025-04-03 07:06:32;2025-07-02 07:06:31;False;False;False;False;False;False;True;True;0;True;True;False;True;True;Kapsam Dışı;False;False;False;True;True;True;False;False;True;False;False;True;True;True;True;False;669;True;False;{};;b'';[];False;False;False;False;False;False;False;False;False;False;False;False;False;False;0.0;0;False;False;False
ESKİŞEHİR OSMANGAZİ ÜNİVERSİTESİ;http://www.ogu.edu.tr;True;True;2024-07-04 00:00:00;2025-08-02 23:59:59;False;False;False;False;False;False;True;True;0;True;True;False;True;True;Kapsam Dışı;False;False;False;True;True;True;False;False;False;True;False;True;True;True;True;False;794;True;False;{};;b'';[];False;False;False;False;False;False;False;False;False;False;False;False;False;False;0.0;0;False;False;False
ESKİŞEHİR TEKNİK ÜNİVERSİTESİ;https://www.eskisehir.edu.tr/;True;True;2024-06-11 11:32:44;2025-06-11 11:32:44;True;False;False;False;False;False;True;True;1;True;True;False;True;True;Kapsam Dışı;True;False;False;False;False;True;True;False;True;False;False;True;True;False;True;False;708;True;False;{};;b'';[];False;False;False;False;False;False;False;False;False;False;False;False;False;False;0.0;0;False;False;False
FATİH SULTAN MEHMET VAKIF ÜNİVERSİTESİ;www.fsm.edu.tr;True;True;2025-03-21 08:53:29;2026-04-22 08:53:28;False;False;False;False;False;False;True;True;0;True;False;False;False;True;Kapsam Dışı;False;False;False;True;True;True;False;False;True;True;True;True;True;True;True;True;823;True;False;{};;b'';[];False;False;False;False;False;False;False;False;False;False;False;False;False;False;0.0;0;False;False;False
FENERBAHÇE ÜNİVERSİTESİ;www.fbu.edu.tr;True;True;2024-11-14 00:00:00;2025-11-14 23:59:59;False;False;False;False;False;False;True;True;0;True;False;False;False;True;Kapsam Dışı;False;False;False;True;True;False;False;False;True;False;False;True;True;True;True;False;-1;False;True;{};;b'';[];False;False;False;False;False;False;False;False;False;False;False;False;False;False;0.0;0;False;False;False
FIRAT ÜNİVERSİTESİ;http://www.firat.edu.tr/;True;True;2024-12-06 00:00:00;2026-01-05 23:59:59;False;False;False;False;False;False;True;True;0;True;False;False;False;True;Kapsam Dışı;True;False;False;False;False;False;False;False;False;False;False;False;False;False;True;False;-1;False;True;{};;b'';[];False;False;False;False;False;False;False;False;False;False;False;False;False;False;0.0;0;False;False;False
GALATASARAY ÜNİVERSİTESİ;http://www.gsu.edu.tr;True;True;2025-03-17 00:00:00;2026-04-15 23:59:59;True;False;True;False;False;False;True;True;2;True;False;False;False;True;Kapsam Dışı;False;False;False;True;False;True;False;False;True;False;True;True;True;True;True;False;157;True;False;{};;b'';[];False;False;False;False;False;False;False;False;False;False;False;False;False;False;0.0;0;False;False;False
GAZİ ÜNİVERSİTESİ;http://gazi.edu.tr/;True;True;2024-12-08 09:51:33;2026-01-09 09:51:32;True;True;True;True;True;False;False;False;5;True;False;False;False;True;Kapsam Dışı;False;False;False;False;True;True;False;True;True;True;True;True;True;True;True;False;560;True;False;{};;b'';[];False;False;False;False;False;False;False;False;False;False;False;False;False;False;0.0;0;False;False;False
GAZİANTEP İSLAM BİLİM VE TEKNOLOJİ ÜNİVERSİTESİ;http://www.gibtu.edu.tr/;True;True;2024-05-29 11:42:41;2025-06-30 11:42:40;True;False;True;False;False;False;True;True;2;True;False;False;False;True;Kapsam Dışı;False;False;False;True;False;True;False;False;True;True;True;True;True;True;True;False;1740;True;False;{};;b'';[];False;False;False;False;False;False;False;False;False;False;False;False;False;False;0.0;0;False;False;False
GAZİANTEP ÜNİVERSİTESİ;http://www.gantep.edu.tr;True;True;2025-03-11 00:00:00;2026-03-12 23:59:59;True;True;True;False;False;False;True;False;3;True;False;False;True;True;Kapsam Dışı;False;False;False;False;True;True;True;False;True;False;False;True;True;True;True;False;594;False;False;{};;b'';[];False;False;False;False;False;False;False;False;False;False;False;False;False;False;0.0;0;False;False;False
GEBZE TEKNİK ÜNİVERSİTESİ;www.gtu.edu.tr;True;True;2025-05-13 06:36:46;2026-05-13 06:36:46;False;False;False;False;False;False;True;True;0;True;False;False;False;True;Kapsam Dışı;False;False;False;True;True;True;False;False;True;False;False;True;True;True;True;False;747;False;False;{};;b'';[];False;False;False;False;False;False;False;False;False;False;False;False;False;False;0.0;0;False;False;False
GİRESUN ÜNİVERSİTESİ;http://www.giresun.edu.tr/;True;True;2024-12-23 00:00:00;2025-12-22 23:59:59;False;False;False;False;False;False;True;True;0;True;True;False;True;True;Kapsam Dışı;False;False;False;True;False;True;False;False;True;True;True;True;True;True;True;False;651;True;False;{};;b'';[];False;False;False;False;False;False;False;False;False;False;False;False;False;False;0.0;0;False;False;False
GÜMÜŞHANE ÜNİVERSİTESİ;http://www.gumushane.edu.tr;True;True;2024-10-09 00:00:00;2025-10-08 23:59:59;False;False;False;False;False;False;True;True;0;True;True;True;True;True;Kapsam Dışı;False;False;False;False;True;True;True;False;True;True;True;True;True;True;True;False;722;True;False;{};;b'';[];False;False;False;False;False;False;False;False;False;False;False;False;False;False;0.0;0;False;False;False
HACETTEPE ÜNİVERSİTESİ;http://hacettepe.edu.tr;True;True;2024-08-02 00:00:00;2025-09-02 23:59:59;True;False;False;False;False;False;True;True;1;True;True;False;True;True;Kapsam Dışı;False;False;False;False;False;False;False;False;True;True;True;True;True;True;True;False;600;True;False;{};;b'';[];False;False;False;False;False;False;False;False;False;False;False;False;False;False;0.0;0;False;False;False
HAKKARİ ÜNİVERSİTESİ;www.hakkari.edu.tr / www.hu.edu.tr;False;False;;;False;False;False;False;False;True;True;True;0;True;False;False;False;True;Kapsam Dışı;True;False;False;False;False;False;False;False;False;False;False;False;False;False;True;False;-1;False;True;{};;b'';[];False;False;False;False;False;False;False;False;False;False;False;False;False;False;0.0;0;False;False;False
HALİÇ ÜNİVERSİTESİ;www.halic.edu.tr;True;True;2024-12-26 12:52:45;2026-01-27 12:52:44;True;True;True;True;False;False;False;False;4;True;False;True;False;True;Kapsam Dışı;False;False;False;True;True;False;False;False;True;True;True;True;True;True;True;True;460;True;False;{};;b'';[];False;False;False;False;False;False;False;False;False;False;False;False;False;False;0.0;0;False;False;False
HARRAN ÜNİVERSİTESİ;http://www.harran.edu.tr/;True;True;2024-05-06 00:00:00;2025-06-06 23:59:59;False;False;False;False;False;False;True;True;0;True;False;False;True;True;Kapsam Dışı;False;False;False;True;True;True;False;False;True;False;False;True;True;True;True;False;1412;True;False;{};;b'';[];False;False;False;False;False;False;False;False;False;False;False;False;False;False;0.0;0;False;False;False
HASAN KALYONCU ÜNİVERSİTESİ;www.hku.edu.tr;True;True;2025-05-17 13:12:43;2025-08-15 13:12:42;False;False;False;False;False;False;True;True;0;True;False;False;False;True;Kapsam Dışı;False;False;False;False;False;False;True;False;True;False;False;False;True;False;True;False;749;False;False;{};;b'';[];False;False;False;False;False;False;False;False;False;False;False;False;False;False;0.0;0;False;False;False
HATAY MUSTAFA KEMAL ÜNİVERSİTESİ;http://www.mku.edu.tr;True;True;2024-11-28 00:00:00;2025-12-29 23:59:59;False;False;False;False;False;False;True;True;0;True;True;True;True;True;Kapsam Dışı;False;False;False;True;False;False;True;False;False;True;True;True;True;True;True;False;1289;True;False;{};;b'';[];False;False;False;False;False;False;False;False;False;False;False;False;False;False;0.0;0;False;False;False
HİTİT ÜNİVERSİTESİ;http://www.hitit.edu.tr/;True;True;2024-11-25 00:00:00;2025-11-25 23:59:59;True;False;False;False;False;False;True;True;1;True;False;False;False;True;Kapsam Dışı;False;False;False;True;False;True;False;False;True;True;True;True;True;True;True;False;1483;False;False;{};;b'';[];False;False;False;False;False;False;False;False;False;False;False;False;False;False;0.0;0;False;False;False
IĞDIR ÜNİVERSİTESİ;http://www.igdir.edu.tr;True;True;2025-04-06 19:20:24;2025-07-05 19:20:23;False;False;False;False;False;False;True;True;0;True;True;False;True;True;Kapsam Dışı;False;False;False;False;False;True;True;False;True;True;False;True;True;True;True;False;153;False;False;{};;b'';[];False;False;False;False;False;False;False;False;False;False;False;False;False;False;0.0;0;False;False;False
ISPARTA UYGULAMALI BİLİMLER ÜNİVERSİTESİ;https://isparta.edu.tr/;True;True;2025-01-21 00:00:00;2026-02-01 23:59:59;False;False;True;False;False;False;True;True;1;True;False;False;False;True;Kapsam Dışı;False;False;False;False;True;True;False;False;False;True;False;True;True;True;True;False;666;True;False;{};;b'';[];False;False;False;False;False;False;False;False;False;False;False;False;False;False;0.0;0;False;False;False
IŞIK ÜNİVERSİTESİ;http://www.isikun.edu.tr/;True;True;2024-11-04 00:00:00;2025-11-07 23:59:59;False;False;True;True;False;False;False;True;2;True;False;False;False;True;Kapsam Dışı;False;False;False;False;True;False;False;False;True;True;True;True;True;True;True;False;597;False;False;{};;b'';[];False;False;False;False;False;False;False;False;False;False;False;False;False;False;0.0;0;False;False;False
İBN HALDUN ÜNİVERSİTESİ;www.ihu.edu.tr;True;True;2024-06-28 07:26:29;2025-07-30 07:26:29;False;False;False;False;False;False;True;True;0;True;False;False;False;True;Kapsam Dışı;False;False;False;False;False;False;False;False;False;True;False;False;False;False;True;False;-1;False;True;{};;b'';[];False;False;False;False;False;False;False;False;False;False;False;False;False;False;0.0;0;False;False;False
İHSAN DOĞRAMACI BİLKENT ÜNİVERSİTESİ;http://www.bilkent.edu.tr/;True;True;2024-07-31 00:00:00;2025-08-13 23:59:59;False;False;False;False;False;False;True;True;0;True;False;False;False;True;Kapsam Dışı;False;False;False;True;True;True;False;False;True;False;True;True;True;True;True;False;922;False;False;{};;b'';[];False;False;False;False;False;False;False;False;False;False;False;False;False;False;0.0;0;False;False;False
İNÖNÜ ÜNİVERSİTESİ;http://www.inonu.edu.tr/;False;False;;;False;False;False;False;False;True;True;True;0;True;False;False;False;True;Kapsam Dışı;True;False;False;False;False;False;False;False;False;False;False;False;False;False;True;False;-1;False;True;{};;b'';[];False;False;False;False;False;False;False;False;False;False;False;False;False;False;0.0;0;False;False;False
İSKENDERUN TEKNİK ÜNİVERSİTESİ;www.iste.edu.tr;True;True;2025-01-16 00:00:00;2026-01-08 23:59:59;False;False;True;True;False;False;False;True;2;True;True;False;True;True;Kapsam Dışı;False;False;False;False;True;True;False;False;True;True;False;True;True;False;True;False;797;True;False;{};;b'';[];False;False;False;False;False;False;False;False;False;False;False;False;False;False;0.0;0;False;False;False
İSTANBUL AREL ÜNİVERSİTESİ;http://www.arel.edu.tr;True;True;2024-05-21 00:00:00;2025-05-27 23:59:59;False;False;False;False;False;False;True;True;0;True;False;False;False;True;Kapsam Dışı;False;False;False;False;True;False;False;False;False;True;False;True;True;True;True;False;2382;True;False;{};;b'';[];False;False;False;False;False;False;False;False;False;False;False;False;False;False;0.0;0;False;False;False
İSTANBUL ATLAS ÜNİVERSİTESİ;www.atlas.edu.tr;True;True;2024-06-10 00:00:00;2025-07-09 23:59:59;False;False;False;False;False;False;True;True;0;True;True;False;True;True;Kapsam Dışı;False;False;False;False;True;False;False;False;True;True;True;True;True;True;True;False;828;False;False;{};;b'';[];False;False;False;False;False;False;False;False;False;False;False;False;False;False;0.0;0;False;False;False
İSTANBUL AYDIN ÜNİVERSİTESİ;http://www.aydin.edu.tr;True;True;2025-05-13 09:43:52;2025-08-11 10:43:48;False;False;True;True;True;False;False;True;3;True;False;False;False;True;Kapsam Dışı;False;False;False;False;False;False;False;True;True;True;False;True;True;True;True;False;608;False;False;{};;b'';[];False;False;False;False;False;False;False;False;False;False;False;False;False;False;0.0;0;False;False;False
İSTANBUL BEYKENT ÜNİVERSİTESİ;www.beykent.edu.tr;True;True;2025-01-05 12:48:36;2026-01-05 11:49:12;True;False;True;True;True;False;False;True;4;True;False;False;True;True;Kapsam Dışı;False;False;False;True;True;True;False;True;True;True;False;True;True;True;True;False;626;False;False;{};;b'';[];False;False;False;False;False;False;False;False;False;False;False;False;False;False;0.0;0;False;False;False
İSTANBUL BİLGİ ÜNİVERSİTESİ;www.bilgi.edu.tr;True;True;2024-09-26 00:00:00;2025-09-26 23:59:59;True;True;True;True;True;False;False;False;5;True;True;False;True;True;Kapsam Dışı;False;False;False;False;True;True;False;True;True;True;False;True;True;True;True;False;424;True;False;{};;b'';[];False;False;False;False;False;False;False;False;False;False;False;False;False;False;0.0;0;False;False;False
İSTANBUL ESENYURT ÜNİVERSİTESİ;http://www.esenyurt.edu.tr;False;False;;;False;False;False;False;False;True;True;True;0;True;False;False;False;True;Kapsam Dışı;False;False;False;False;False;False;False;False;False;False;False;False;False;False;True;False;-1;False;True;{};;b'';[];False;False;False;False;False;False;False;False;False;False;False;False;False;False;0.0;0;False;False;False
İSTANBUL GALATA ÜNİVERSİTESİ;www.galata.edu.tr;True;True;2025-03-03 22:55:12;2025-06-01 22:55:11;False;False;False;False;False;False;True;True;0;True;False;False;False;True;Kapsam Dışı;False;False;False;True;True;False;False;False;True;False;False;True;True;True;True;False;219;False;False;{};;b'';[];False;False;False;False;False;False;False;False;False;False;False;False;False;False;0.0;0;False;False;False
İSTANBUL GEDİK ÜNİVERSİTESİ;www.gedik.edu.tr;True;True;2025-05-10 11:50:50;2025-08-08 12:49:00;False;False;False;False;False;False;True;True;0;True;False;False;False;True;Kapsam Dışı;False;False;False;True;True;True;False;False;True;True;True;True;True;True;True;False;521;True;False;{};;b'';[];False;False;False;False;False;False;False;False;False;False;False;False;False;False;0.0;0;False;False;False
İSTANBUL GELİŞİM ÜNİVERSİTESİ;www.gelisim.edu.tr;True;True;2025-01-14 00:00:00;2025-12-25 23:59:59;False;False;True;False;False;False;True;True;1;True;False;False;False;True;Kapsam Dışı;False;False;False;False;True;False;False;False;True;True;True;True;True;True;True;False;3658;True;False;{};;b'';[];False;False;False;False;False;False;False;False;False;False;False;False;False;False;0.0;0;False;False;False
İSTANBUL KENT ÜNİVERSİTESİ;www.kent.edu.tr;True;True;2024-06-28 00:00:00;2025-06-27 23:59:59;True;False;False;False;False;False;True;True;1;True;True;False;True;True;Kapsam Dışı;True;False;False;False;True;True;False;False;True;True;False;True;True;True;True;False;2609;True;False;{};;b'';[];False;False;False;False;False;False;False;False;False;False;False;False;False;False;0.0;0;False;False;False
İSTANBUL KÜLTÜR ÜNİVERSİTESİ;www.iku.edu.tr;True;True;2024-08-08 00:00:00;2025-08-29 23:59:59;False;False;False;True;False;False;True;True;1;True;False;False;False;True;Kapsam Dışı;False;False;False;True;False;False;False;False;False;True;False;False;False;True;True;False;538;True;False;{};;b'';[];False;False;False;False;False;False;False;False;False;False;False;False;False;False;0.0;0;False;False;False
İSTANBUL MEDENİYET ÜNİVERSİTESİ;http://www.medeniyet.edu.tr;True;True;2024-11-18 00:00:00;2025-12-01 23:59:59;False;False;True;False;False;False;True;True;1;True;False;False;True;True;Kapsam Dışı;False;False;False;True;False;True;False;False;False;False;True;True;True;True;True;False;280;False;False;{};;b'';[];False;False;False;False;False;False;False;False;False;False;False;False;False;False;0.0;0;False;False;False
İSTANBUL MEDİPOL ÜNİVERSİTESİ;www.medipol.edu.tr;True;True;2025-03-31 10:33:55;2025-06-29 11:33:49;False;False;True;True;False;False;False;True;2;True;False;False;False;True;Kapsam Dışı;False;False;False;False;True;False;False;False;True;True;True;True;True;True;True;False;593;False;False;{};;b'';[];False;False;False;False;False;False;False;False;False;False;False;False;False;False;0.0;0;False;False;False
İSTANBUL NİŞANTAŞI ÜNİVERSİTESİ;http://www.nisantasi.edu.tr;True;True;2025-04-21 20:33:01;2025-07-20 21:31:45;False;False;True;False;False;False;True;True;1;True;True;False;True;True;Kapsam Dışı;False;False;False;True;True;True;True;False;True;True;True;True;True;True;True;False;1200;False;False;{};;b'';[];False;False;False;False;False;False;False;False;False;False;False;False;False;False;0.0;0;False;False;False
İSTANBUL OKAN ÜNİVERSİTESİ;www.okan.edu.tr;True;True;2025-05-08 07:29:36;2026-06-09 07:29:35;False;False;False;False;False;False;True;True;0;True;False;False;True;True;Kapsam Dışı;False;False;False;False;False;True;False;False;True;True;True;True;True;True;True;False;659;False;False;{};;b'';[];False;False;False;False;False;False;False;False;False;False;False;False;False;False;0.0;0;False;False;False
İSTANBUL RUMELİ ÜNİVERSİTESİ;www.rumeli.edu.tr;True;True;2025-05-02 22:16:40;2025-07-31 23:16:35;True;False;True;True;True;False;False;True;4;True;False;False;False;True;Kapsam Dışı;False;False;False;False;False;False;False;True;True;True;False;True;True;True;True;False;659;False;False;{};;b'';[];False;False;False;False;False;False;False;False;False;False;False;False;False;False;0.0;0;False;False;False
İSTANBUL SABAHATTİN ZAİM ÜNİVERSİTESİ;http://www.izu.edu.tr/;True;True;2024-12-19 00:00:00;2025-12-18 23:59:59;False;False;False;False;False;False;True;True;0;True;True;False;True;True;Kapsam Dışı;False;False;False;True;True;True;False;False;True;True;True;True;True;True;True;False;1006;False;False;{};;b'';[];False;False;False;False;False;False;False;False;False;False;False;False;False;False;0.0;0;False;False;False
İSTANBUL SAĞLIK VE SOSYAL BİLİMLER MESLEK YÜKSEKOKULU;www.issb.edu.tr;True;True;2025-03-28 23:00:05;2025-06-27 00:00:03;False;False;True;True;False;False;False;True;2;True;False;False;True;True;Kapsam Dışı;False;False;True;False;True;True;False;False;True;True;True;True;True;True;True;False;698;False;False;{};;b'';[];False;False;False;False;False;False;False;False;False;False;False;False;False;False;0.0;0;False;False;False
İSTANBUL SAĞLIK VE TEKNOLOJİ ÜNİVERSİTESİ;www.istun.edu.tr;False;False;;;False;False;False;False;False;True;True;True;0;True;False;False;False;True;Kapsam Dışı;False;False;False;False;False;False;False;False;False;False;False;False;False;False;True;False;-1;False;True;{};;b'';[];False;False;False;False;False;False;False;False;False;False;False;False;False;False;0.0;0;False;False;False
İSTANBUL ŞİŞLİ MESLEK YÜKSEKOKULU;www.sisli.edu.tr;True;True;2025-02-06 00:00:00;2026-02-06 23:59:59;False;False;False;False;False;False;True;True;0;True;False;False;False;True;Kapsam Dışı;False;False;False;False;False;True;False;False;True;True;True;True;True;True;True;False;730;True;False;{};;b'';[];False;False;False;False;False;False;False;False;False;False;False;False;False;False;0.0;0;False;False;False
İSTANBUL TEKNİK ÜNİVERSİTESİ;http://www.itu.edu.tr;True;True;2024-07-18 00:00:00;2025-08-18 23:59:59;True;False;True;True;True;False;False;True;4;True;False;False;False;True;Kapsam Dışı;False;False;False;True;True;True;False;True;True;False;False;False;True;True;True;False;708;True;False;{};;b'';[];False;False;False;False;False;False;False;False;False;False;False;False;False;False;0.0;0;False;False;False
İSTANBUL TİCARET ÜNİVERSİTESİ;http://www.ticaret.edu.tr;False;False;;;False;False;False;False;False;True;True;True;0;True;False;False;False;True;Kapsam Dışı;False;False;False;False;False;False;False;False;False;False;False;False;False;False;True;False;-1;False;True;{};;b'';[];False;False;False;False;False;False;False;False;False;False;False;False;False;False;0.0;0;False;False;False
İSTANBUL TOPKAPI ÜNİVERSİTESİ;www.topkapi.edu.tr;True;True;2024-05-03 07:02:10;2025-06-04 07:02:09;False;False;False;False;False;False;True;True;0;True;False;False;False;True;Kapsam Dışı;False;False;False;False;True;True;False;False;True;True;True;True;True;True;True;False;826;False;False;{};;b'';[];False;False;False;False;False;False;False;False;False;False;False;False;False;False;0.0;0;False;False;False
İSTANBUL ÜNİVERSİTESİ;http://www.istanbul.edu.tr;True;True;2024-05-10 00:00:00;2025-06-10 23:59:59;True;False;False;True;False;False;True;True;2;True;False;False;False;True;Kapsam Dışı;False;False;False;True;False;False;False;False;False;True;True;True;True;True;True;False;34;False;False;{};;b'';[];False;False;False;False;False;False;False;False;False;False;False;False;False;False;0.0;0;False;False;False
İSTANBUL ÜNİVERSİTESİ-CERRAHPAŞA;https://iuc.edu.tr;True;True;2025-01-23 12:43:57;2026-01-23 12:43:57;False;False;True;True;False;False;False;True;2;True;False;False;False;True;Kapsam Dışı;False;False;False;True;False;False;False;False;True;True;True;True;True;True;True;False;693;False;False;{};;b'';[];False;False;False;False;False;False;False;False;False;False;False;False;False;False;0.0;0;False;False;False
İSTANBUL YENİ YÜZYIL ÜNİVERSİTESİ;www.yeniyuzyil.edu.tr;True;True;2024-12-20 00:00:00;2026-01-19 23:59:59;True;False;False;False;False;False;True;True;1;True;True;False;True;True;Kapsam Dışı;False;False;False;True;False;True;False;False;True;True;True;True;True;True;True;False;668;True;False;{};;b'';[];False;False;False;False;False;False;False;False;False;False;False;False;False;False;0.0;0;False;False;False
İSTANBUL 29 MAYIS ÜNİVERSİTESİ;http://www.29mayis.edu.tr;True;True;2025-03-10 00:00:00;2026-03-26 23:59:59;True;False;True;False;False;False;True;True;2;True;False;False;False;True;Kapsam Dışı;False;False;False;False;False;True;False;False;True;True;True;True;True;False;True;False;88;True;False;{};;b'';[];False;False;False;False;False;False;False;False;False;False;False;False;False;False;0.0;0;False;False;False
İSTİNYE ÜNİVERSİTESİ;www.istinye.edu.tr;True;True;2024-11-08 00:00:00;2025-09-23 23:59:59;False;False;True;True;False;False;False;True;2;True;True;False;True;True;Kapsam Dışı;False;False;True;False;False;True;False;False;True;True;False;True;True;True;True;False;675;True;False;{};;b'';[];False;False;False;False;False;False;False;False;False;False;False;False;False;False;0.0;0;False;False;False
İZMİR BAKIRÇAY ÜNİVERSİTESİ;bakircay.edu.tr;True;True;2024-09-02 00:00:00;2025-10-03 23:59:59;False;False;False;False;False;False;True;True;0;True;True;True;True;True;Kapsam Dışı;False;False;False;True;True;True;True;False;True;True;True;True;True;True;True;False;1313;True;False;{};;b'';[];False;False;False;False;False;False;False;False;False;False;False;False;False;False;0.0;0;False;False;False
İZMİR DEMOKRASİ ÜNİVERSİTESİ;http://www.idu.edu.tr;True;True;2024-10-21 11:38:28;2025-10-21 11:38:28;False;False;False;False;False;False;True;True;0;True;True;False;True;True;Kapsam Dışı;False;False;False;False;True;True;False;False;True;True;True;True;True;True;True;False;886;False;False;{};;b'';[];False;False;False;False;False;False;False;False;False;False;False;False;False;False;0.0;0;False;False;False
İZMİR EKONOMİ ÜNİVERSİTESİ;www.ieu.edu.tr;True;True;2025-03-13 08:03:45;2026-04-03 10:10:16;False;False;False;False;False;False;True;True;0;True;False;False;False;True;Kapsam Dışı;False;False;False;False;True;False;False;False;False;True;True;True;True;True;True;False;606;False;False;{};;b'';[];False;False;False;False;False;False;False;False;False;False;False;False;False;False;0.0;0;False;False;False
İZMİR KATİP ÇELEBİ ÜNİVERSİTESİ;http://www.ikc.edu.tr/;True;True;2024-08-05 00:00:00;2025-08-05 23:59:59;False;False;False;False;False;False;True;True;0;True;False;False;False;True;Kapsam Dışı;True;False;False;True;False;True;False;False;True;True;False;True;True;True;True;False;852;True;False;{};;b'';[];False;False;False;False;False;False;False;False;False;False;False;False;False;False;0.0;0;False;False;False
İZMİR KAVRAM MESLEK YÜKSEKOKULU;www.kavram.edu.tr;True;True;2025-01-16 08:03:35;2026-02-17 08:03:35;True;False;True;True;True;False;False;True;4;True;False;True;False;True;Kapsam Dışı;True;False;False;True;True;True;False;True;True;True;True;True;True;True;True;False;637;False;False;{};;b'';[];False;False;False;False;False;False;False;False;False;False;False;False;False;False;0.0;0;False;False;False
İZMİR TINAZTEPE ÜNİVERSİTESİ;www.tinaztepe.edu.tr;True;True;2024-09-26 00:00:00;2025-09-26 23:59:59;False;False;False;False;False;False;True;True;0;True;False;False;False;True;Kapsam Dışı;False;False;False;False;True;True;False;False;False;True;True;True;True;False;True;False;-1;False;True;{};;b'';[];False;False;False;False;False;False;False;False;False;False;False;False;False;False;0.0;0;False;False;False
İZMİR YÜKSEK TEKNOLOJİ ENSTİTÜSÜ;http://www.iyte.edu.tr/;False;False;;;False;False;False;False;False;True;True;True;0;True;False;False;False;True;Kapsam Dışı;False;False;False;False;False;False;False;False;False;False;False;False;False;False;True;False;-1;False;True;{};;b'';[];False;False;False;False;False;False;False;False;False;False;False;False;False;False;0.0;0;False;False;False
KADİR HAS ÜNİVERSİTESİ;http://www.khas.edu.tr;True;True;2024-07-02 00:00:00;2025-07-24 23:59:59;False;False;False;False;False;False;True;True;0;True;True;False;True;True;Kapsam Dışı;False;False;False;False;True;False;False;False;True;True;True;True;True;True;True;False;724;True;False;{};;b'';[];False;False;False;False;False;False;False;False;False;False;False;False;False;False;0.0;0;False;False;False
KAFKAS ÜNİVERSİTESİ;http://www.kafkas.edu.tr;True;True;2024-06-10 00:00:00;2025-06-09 23:59:59;False;False;False;False;False;False;True;True;0;True;True;False;True;True;Kapsam Dışı;False;False;False;True;False;True;False;False;True;True;True;True;True;True;True;False;899;True;False;{};;b'';[];False;False;False;False;False;False;False;False;False;False;False;False;False;False;0.0;0;False;False;False
KAHRAMANMARAŞ İSTİKLAL ÜNİVERSİTESİ;www.istiklal.edu.tr;True;True;2024-07-25 09:02:04;2025-07-25 09:02:04;False;False;False;False;False;False;True;True;0;True;False;False;False;True;Kapsam Dışı;False;False;False;True;False;False;False;False;True;True;True;True;False;True;True;False;794;True;True;{};;b'';[];False;False;False;False;False;False;False;False;False;False;False;False;False;False;0.0;0;False;False;False
KAHRAMANMARAŞ SÜTÇÜ İMAM ÜNİVERSİTESİ;www.ksu.edu.tr;True;True;2025-04-07 00:00:00;2026-05-08 23:59:59;False;False;False;False;False;False;True;True;0;True;True;False;True;True;Kapsam Dışı;False;False;False;True;False;True;False;False;False;False;False;True;True;True;True;False;884;True;False;{};;b'';[];False;False;False;False;False;False;False;False;False;False;False;False;False;False;0.0;0;False;False;False
KAPADOKYA ÜNİVERSİTESİ;www.kapadokya.edu.tr;True;True;2025-04-12 06:48:24;2025-07-11 06:48:23;False;False;True;False;False;False;True;True;1;True;False;True;False;True;Kapsam Dışı;False;False;False;True;True;True;False;False;False;True;True;True;True;False;True;False;691;True;False;{};;b'';[];False;False;False;False;False;False;False;False;False;False;False;False;False;False;0.0;0;False;False;False
KARABÜK ÜNİVERSİTESİ;http://www.karabuk.edu.tr/;True;True;2025-03-06 00:00:00;2026-04-05 23:59:59;True;False;False;False;False;False;True;True;1;True;False;False;False;True;Kapsam Dışı;False;False;False;True;False;True;True;False;True;False;False;True;True;True;True;False;985;True;False;{};;b'';[];False;False;False;False;False;False;False;False;False;False;False;False;False;False;0.0;0;False;False;False
KARADENİZ TEKNİK ÜNİVERSİTESİ;http://www.ktu.edu.tr;True;True;2024-08-06 00:00:00;2025-09-06 23:59:59;True;True;True;True;True;False;False;False;5;True;True;False;True;True;Kapsam Dışı;False;False;False;False;False;True;False;True;False;False;False;True;True;True;True;False;590;True;False;{};;b'';[];False;False;False;False;False;False;False;False;False;False;False;False;False;False;0.0;0;False;False;False
KARAMANOĞLU MEHMETBEY ÜNİVERSİTESİ;http://www.kmu.edu.tr;True;True;2024-09-20 00:00:00;2025-10-21 23:59:59;False;False;False;False;False;False;True;True;0;True;False;False;True;True;Kapsam Dışı;False;False;False;True;True;True;False;False;False;False;False;True;True;True;True;False;1310;True;False;{};;b'';[];False;False;False;False;False;False;False;False;False;False;False;False;False;False;0.0;0;False;False;False
KASTAMONU ÜNİVERSİTESİ;http://www.kastamonu.edu.tr/ind ex.php/tr/;True;True;2024-06-13 00:00:00;2025-05-24 23:59:59;False;False;False;False;False;False;True;True;0;True;False;False;False;True;Kapsam Dışı;False;False;False;False;True;True;True;False;True;False;True;True;True;False;True;False;-1;False;True;{};;b'';[];False;False;False;False;False;False;False;False;False;False;False;False;False;False;0.0;0;False;False;False
KAYSERİ ÜNİVERSİTESİ;http://www.kayseri.edu.tr;True;True;2024-07-18 00:00:00;2025-07-31 23:59:59;False;False;True;False;False;False;True;True;1;True;True;False;True;True;Kapsam Dışı;False;False;False;True;False;True;False;False;False;True;True;True;True;True;True;False;746;True;False;{};;b'';[];False;False;False;False;False;False;False;False;False;False;False;False;False;False;0.0;0;False;False;False
KIRIKKALE ÜNİVERSİTESİ;http://kku.edu.tr;True;True;2024-09-18 00:00:00;2025-10-18 23:59:59;True;False;False;False;False;False;True;True;1;True;True;False;True;True;Kapsam Dışı;False;False;False;True;False;True;False;False;True;True;False;True;True;True;True;False;1880;True;False;{};;b'';[];False;False;False;False;False;False;False;False;False;False;False;False;False;False;0.0;0;False;False;False
KIRKLARELİ ÜNİVERSİTESİ;http://www.klu.edu.tr/;True;True;2024-06-04 00:00:00;2025-06-03 23:59:59;False;False;False;False;False;False;True;True;0;True;False;False;False;True;Kapsam Dışı;False;False;False;False;True;True;False;False;True;True;True;True;True;True;True;False;793;True;False;{};;b'';[];False;False;False;False;False;False;False;False;False;False;False;False;False;False;0.0;0;False;False;False
KIRŞEHİR AHİ EVRAN ÜNİVERSİTESİ;www.ahievran.edu.tr;True;True;2025-05-13 00:00:00;2026-06-13 23:59:59;True;False;True;True;True;False;False;True;4;True;False;False;False;True;Kapsam Dışı;False;False;False;False;True;False;False;True;True;False;False;True;True;True;True;False;2557;True;False;{};;b'';[];False;False;False;False;False;False;False;False;False;False;False;False;False;False;0.0;0;False;False;False
KİLİS 7 ARALIK ÜNİVERSİTESİ;www.kilis.edu.tr;True;True;2024-07-17 13:52:11;2025-07-17 13:52:11;False;False;False;False;False;False;True;True;0;True;True;False;True;True;Kapsam Dışı;False;False;False;False;False;True;False;False;True;False;False;True;True;True;True;False;805;True;False;{};;b'';[];False;False;False;False;False;False;False;False;False;False;False;False;False;False;0.0;0;False;False;False
KOCAELİ SAĞLIK VE TEKNOLOJİ ÜNİVERSİTESİ;www.kocaelisaglik.edu.tr;True;True;2024-10-24 00:00:00;2025-10-24 23:59:59;False;False;False;False;False;False;True;True;0;True;True;False;True;True;Kapsam Dışı;False;False;False;True;True;True;False;False;True;True;False;True;True;True;True;False;3224;False;False;{};;b'';[];False;False;False;False;False;False;False;False;False;False;False;False;False;False;0.0;0;False;False;False
KOCAELİ ÜNİVERSİTESİ;http://www.kocaeli.edu.tr/;False;False;;;False;False;False;False;False;True;True;True;0;True;False;False;False;True;Kapsam Dışı;False;False;False;False;False;False;False;False;False;False;False;False;False;False;True;False;-1;False;True;{};;b'';[];False;False;False;False;False;False;False;False;False;False;False;False;False;False;0.0;0;False;False;False
KOÇ ÜNİVERSİTESİ;http://www.ku.edu.tr;True;True;2025-01-16 00:00:00;2026-02-14 23:59:59;False;False;False;False;False;False;True;True;0;True;False;False;False;True;Kapsam Dışı;True;False;False;False;False;False;False;False;False;False;False;True;True;True;True;False;773;False;False;{};;b'';[];False;False;False;False;False;False;False;False;False;False;False;False;False;False;0.0;0;False;False;False
KONYA GIDA VE TARIM ÜNİVERSİTESİ;http://www.gidatarim.edu.tr/;True;True;2024-11-11 00:00:00;2025-12-12 23:59:59;False;False;False;False;False;False;True;True;0;True;True;False;True;True;Kapsam Dışı;True;False;False;False;False;True;False;False;True;True;False;True;True;True;True;False;739;True;False;{};;b'';[];False;False;False;False;False;False;False;False;False;False;False;False;False;False;0.0;0;False;False;False
KONYA TEKNİK ÜNİVERSİTESİ;http://www.ktun.edu.tr/;True;True;2024-12-11 00:00:00;2025-10-30 23:59:59;False;False;True;False;False;False;True;True;1;True;True;False;True;True;Kapsam Dışı;True;False;False;False;False;True;False;False;True;False;False;True;True;True;True;False;1543;False;False;{};;b'';[];False;False;False;False;False;False;False;False;False;False;False;False;False;False;0.0;0;False;False;False
KTO KARATAY ÜNİVERSİTESİ;http://www.karatay.edu.tr;True;True;2025-05-02 14:50:16;2025-07-31 15:49:55;False;False;False;False;False;False;True;True;0;True;True;False;True;True;Kapsam Dışı;False;False;False;False;False;True;False;False;True;True;True;True;True;True;True;False;70;True;False;{};;b'';[];False;False;False;False;False;False;False;False;False;False;False;False;False;False;0.0;0;False;False;False
KÜTAHYA DUMLUPINAR ÜNİVERSİTESİ;http://dpu.edu.tr;True;True;2024-11-05 00:00:00;2025-12-06 23:59:59;False;False;False;False;False;False;True;True;0;True;True;True;True;True;Kapsam Dışı;False;False;False;False;True;True;False;False;False;True;True;True;True;True;True;False;681;False;False;{};;b'';[];False;False;False;False;False;False;False;False;False;False;False;False;False;False;0.0;0;False;False;False
KÜTAHYA SAĞLIK BİLİMLERİ ÜNİVERSİTESİ;http://www.ksbu.edu.tr/;True;True;2024-09-12 00:00:00;2025-09-14 23:59:59;False;False;False;False;False;False;True;True;0;True;True;False;True;True;Kapsam Dışı;False;False;False;False;False;True;False;False;True;True;True;True;True;True;True;True;113;True;False;{};;b'';[];False;False;False;False;False;False;False;False;False;False;False;False;False;False;0.0;0;False;False;False
LOKMAN HEKİM ÜNİVERSİTESİ;www.lokmanhekim.edu.tr;True;True;2024-11-08 00:00:00;2025-11-07 23:59:59;False;False;False;False;False;False;True;True;0;True;True;False;True;True;Kapsam Dışı;False;False;False;False;True;True;False;False;False;True;True;True;True;False;True;False;585;True;False;{};;b'';[];False;False;False;False;False;False;False;False;False;False;False;False;False;False;0.0;0;False;False;False
MALATYA TURGUT ÖZAL ÜNİVERSİTESİ;www.ozal.edu.tr;False;False;;;False;False;False;False;False;True;True;True;0;True;False;False;False;True;Kapsam Dışı;False;False;False;False;False;False;False;False;False;False;False;False;False;False;True;False;-1;False;True;{};;b'';[];False;False;False;False;False;False;False;False;False;False;False;False;False;False;0.0;0;False;False;False
MALTEPE ÜNİVERSİTESİ;http://www.maltepe.edu.tr/;True;True;2025-05-17 15:37:22;2025-08-15 16:35:55;False;False;False;False;False;False;True;True;0;True;False;False;True;True;Kapsam Dışı;False;False;False;True;True;True;False;False;True;False;True;True;True;False;True;False;637;False;False;{};;b'';[];False;False;False;False;False;False;False;False;False;False;False;False;False;False;0.0;0;False;False;False
MANİSA CELÂL BAYAR ÜNİVERSİTESİ;www.cbu.edu.tr;True;True;2025-05-17 05:22:22;2025-08-15 05:22:21;True;False;False;False;False;False;True;True;1;True;False;False;False;True;Kapsam Dışı;False;False;False;True;False;False;False;False;True;False;False;False;False;False;True;False;701;False;True;{};;b'';[];False;False;False;False;False;False;False;False;False;False;False;False;False;False;0.0;0;False;False;False
MARDİN ARTUKLU ÜNİVERSİTESİ;http://www.artuklu.edu.tr/;True;True;2024-05-31 00:00:00;2025-05-27 23:59:59;True;False;False;False;False;False;True;True;1;True;True;False;True;True;Kapsam Dışı;False;False;False;True;False;True;False;False;False;False;True;True;True;True;True;True;1022;True;False;{};;b'';[];False;False;False;False;False;False;False;False;False;False;False;False;False;False;0.0;0;False;False;False
MARMARA ÜNİVERSİTESİ;http://www.marmara.edu.tr;True;True;2024-08-13 00:00:00;2025-08-17 23:59:59;False;True;True;True;False;False;False;True;3;True;False;False;True;True;Kapsam Dışı;False;False;False;False;False;True;False;False;True;True;True;True;True;False;True;False;617;False;False;{};;b'';[];False;False;False;False;False;False;False;False;False;False;False;False;False;False;0.0;0;False;False;False
MEF ÜNİVERSİTESİ;www.mef.edu.tr;True;True;2025-05-12 13:49:50;2025-08-10 13:49:49;True;False;False;False;False;False;True;True;1;True;True;False;True;True;Kapsam Dışı;False;False;False;True;False;False;False;False;True;False;False;True;True;True;True;False;91;False;False;{};;b'';[];False;False;False;False;False;False;False;False;False;False;False;False;False;False;0.0;0;False;False;False
MERSİN ÜNİVERSİTESİ;http://www.mersin.edu.tr/idari/g enel-sekreterlik;True;True;2025-02-18 00:00:00;2026-03-21 23:59:59;False;False;False;False;False;False;True;True;0;True;True;False;True;True;Kapsam Dışı;False;False;False;False;False;True;False;False;True;True;False;True;True;True;True;False;754;True;False;{};;b'';[];False;False;False;False;False;False;False;False;False;False;False;False;False;False;0.0;0;False;False;False
MİMAR SİNAN GÜZEL SANATLAR ÜNİVERSİTESİ;https://www.msgsu.edu.tr;True;True;2024-05-24 12:26:59;2025-05-24 12:26:59;False;True;False;False;False;False;True;True;1;True;True;False;True;True;Kapsam Dışı;False;False;False;True;False;True;False;False;True;True;True;True;True;True;True;False;1016;False;False;{};;b'';[];False;False;False;False;False;False;False;False;False;False;False;False;False;False;0.0;0;False;False;False
MUDANYA ÜNİVERSİTESİ;https://mudanya.edu.tr;True;True;2025-05-18 14:22:26;2025-08-16 14:22:25;False;False;False;False;False;False;True;True;0;True;False;False;False;True;Kapsam Dışı;False;False;False;True;True;False;False;False;True;True;True;True;True;True;True;False;840;True;True;{};;b'';[];False;False;False;False;False;False;False;False;False;False;False;False;False;False;0.0;0;False;False;False
MUĞLA SITKI KOÇMAN ÜNİVERSİTESİ;http://www.mu.edu.tr/;True;True;2024-08-05 00:00:00;2025-09-03 23:59:59;False;False;False;False;False;False;True;True;0;True;False;False;False;True;Kapsam Dışı;False;False;False;True;False;True;False;False;False;False;False;True;True;True;True;True;871;True;False;{};;b'';[];False;False;False;False;False;False;False;False;False;False;False;False;False;False;0.0;0;False;False;False
MUNZUR ÜNİVERSİTESİ;www.munzur.edu.tr;True;True;2024-07-08 00:00:00;2025-07-13 23:59:59;False;False;False;False;False;False;True;True;0;True;True;False;False;True;Kapsam Dışı;False;False;False;True;True;True;True;False;False;True;False;True;True;True;True;False;912;True;False;{};;b'';[];False;False;False;False;False;False;False;False;False;False;False;False;False;False;0.0;0;False;False;False
MUŞ ALPARSLAN ÜNİVERSİTESİ;www.alparslan.edu.tr;False;False;;;False;False;False;False;False;True;True;True;0;True;False;False;False;True;Kapsam Dışı;False;False;False;False;False;False;False;False;False;False;False;False;False;False;True;False;-1;False;True;{};;b'';[];False;False;False;False;False;False;False;False;False;False;False;False;False;False;0.0;0;False;False;False
NECMETTİN ERBAKAN ÜNİVERSİTESİ;http://www.erbakan.edu.tr;True;True;2025-04-13 01:38:53;2025-07-12 02:38:50;True;False;True;True;False;False;False;True;3;True;True;False;True;True;Kapsam Dışı;False;False;False;False;False;False;False;False;True;True;False;True;True;False;True;True;694;True;False;{};;b'';[];False;False;False;False;False;False;False;False;False;False;False;False;False;False;0.0;0;False;False;False
NEVŞEHİR HACI BEKTAŞ VELİ ÜNİVERSİTESİ;http://www.nevsehir.edu.tr/;True;True;2024-08-27 12:33:16;2025-08-27 12:33:16;False;False;False;False;False;False;True;True;0;True;False;False;False;True;Kapsam Dışı;False;False;False;False;True;True;False;False;True;True;True;True;True;True;True;False;863;True;False;{};;b'';[];False;False;False;False;False;False;False;False;False;False;False;False;False;False;0.0;0;False;False;False
NİĞDE ÖMER HALİSDEMİR ÜNİVERSİTESİ;http://www.ohu.edu.tr/;True;True;2024-11-01 14:50:43;2025-12-03 14:50:42;False;False;False;False;False;False;True;True;0;True;True;False;True;True;Kapsam Dışı;False;False;False;True;False;True;True;False;False;True;True;True;True;True;True;False;686;True;False;{};;b'';[];False;False;False;False;False;False;False;False;False;False;False;False;False;False;0.0;0;False;False;False
NUH NACİ YAZGAN ÜNİVERSİTESİ;http://www.nny.edu.tr;True;True;2024-09-16 00:00:00;2025-09-16 23:59:59;False;False;False;False;False;False;True;True;0;True;True;False;True;True;Kapsam Dışı;False;False;False;False;True;True;False;False;True;False;False;True;True;True;True;False;689;True;False;{};;b'';[];False;False;False;False;False;False;False;False;False;False;False;False;False;False;0.0;0;False;False;False
ONDOKUZ MAYIS ÜNİVERSİTESİ;http://www.omu.edu.tr/;True;True;2025-02-27 00:00:00;2026-03-30 23:59:59;False;False;True;True;False;False;False;True;2;True;False;True;False;True;Kapsam Dışı;True;False;False;False;True;True;False;False;True;True;True;True;True;True;True;False;2169;True;False;{};;b'';[];False;False;False;False;False;False;False;False;False;False;False;False;False;False;0.0;0;False;False;False
ORDU ÜNİVERSİTESİ;http://www.odu.edu.tr;True;True;2024-10-07 08:39:43;2025-10-07 08:39:43;False;False;False;False;False;False;True;True;0;True;False;False;False;True;Kapsam Dışı;True;False;False;False;False;False;False;False;False;False;False;False;False;False;True;False;-1;False;True;{};;b'';[];False;False;False;False;False;False;False;False;False;False;False;False;False;False;0.0;0;False;False;False
ORTA DOĞU TEKNİK ÜNİVERSİTESİ;http://www.metu.edu.tr;True;True;2024-08-08 00:00:00;2025-08-13 23:59:59;False;False;True;True;False;False;False;True;2;True;False;False;False;True;Kapsam Dışı;False;False;False;False;True;True;False;False;True;True;True;True;True;True;True;False;478;True;False;{};;b'';[];False;False;False;False;False;False;False;False;False;False;False;False;False;False;0.0;0;False;False;False
OSMANİYE KORKUT ATA ÜNİVERSİTESİ;http://www.osmaniye.edu.tr;True;True;2024-12-20 00:00:00;2025-12-19 23:59:59;False;False;False;False;False;False;True;True;0;True;True;True;True;True;Kapsam Dışı;False;False;False;False;True;True;False;False;True;True;False;True;True;True;True;False;584;True;False;{};;b'';[];False;False;False;False;False;False;False;False;False;False;False;False;False;False;0.0;0;False;False;False
OSTİM TEKNİK ÜNİVERSİTESİ;www.ostimteknik.edu.tr;False;False;;;False;False;False;False;False;True;True;True;0;True;False;False;False;True;Kapsam Dışı;False;False;False;False;False;False;False;False;False;False;False;False;False;False;True;False;-1;False;True;{};;b'';[];False;False;False;False;False;False;False;False;False;False;False;False;False;False;0.0;0;False;False;False
ÖZYEĞİN ÜNİVERSİTESİ;www.ozyegin.edu.tr;True;True;2024-10-21 00:00:00;2025-11-21 23:59:59;True;True;True;True;False;False;False;False;4;True;True;False;True;True;Kapsam Dışı;False;False;False;False;True;True;False;False;False;True;True;True;True;True;True;False;85;False;False;{};;b'';[];False;False;False;False;False;False;False;False;False;False;False;False;False;False;0.0;0;False;False;False
PAMUKKALE ÜNİVERSİTESİ;http://www.pau.edu.tr;True;True;2025-04-01 23:10:13;2025-06-30 23:10:12;True;False;False;False;False;False;True;True;1;True;False;False;True;True;Kapsam Dışı;False;False;False;False;False;True;False;False;True;True;True;True;True;True;True;False;1185;True;False;{};;b'';[];False;False;False;False;False;False;False;False;False;False;False;False;False;False;0.0;0;False;False;False
PİRİ REİS ÜNİVERSİTESİ;http://www.pirireis.edu.tr;True;True;2025-01-07 16:49:26;2026-02-08 16:49:25;False;False;False;False;False;False;True;True;0;True;True;False;True;True;Kapsam Dışı;False;False;False;False;False;False;False;False;True;True;True;True;True;True;True;False;571;True;False;{};;b'';[];False;False;False;False;False;False;False;False;False;False;False;False;False;False;0.0;0;False;False;False
RECEP TAYYİP ERDOĞAN ÜNİVERSİTESİ;erdogan.edu.tr;True;True;2024-10-30 00:00:00;2025-11-30 23:59:59;False;False;False;False;False;False;True;True;0;True;False;True;False;True;Kapsam Dışı;False;False;False;True;False;True;False;False;False;False;True;True;True;True;True;False;1342;True;False;{};;b'';[];False;False;False;False;False;False;False;False;False;False;False;False;False;False;0.0;0;False;False;False
SABANCI ÜNİVERSİTESİ;http://www.sabanciuniv.edu;True;True;2025-05-07 10:41:51;2026-06-08 10:41:50;True;False;True;True;False;False;False;True;3;True;True;False;True;True;Kapsam Dışı;False;False;True;False;False;False;False;False;True;True;True;True;True;True;True;False;105;False;False;{};;b'';[];False;False;False;False;False;False;False;False;False;False;False;False;False;False;0.0;0;False;False;False
SAĞLIK BİLİMLERİ ÜNİVERSİTESİ;http://www.sbu.edu.tr;True;True;2024-12-12 09:58:15;2026-01-13 09:58:14;False;False;False;False;False;False;True;True;0;True;False;False;False;True;Kapsam Dışı;False;False;False;True;True;True;False;False;True;True;True;True;False;True;True;False;1204;True;True;{};;b'';[];False;False;False;False;False;False;False;False;False;False;False;False;False;False;0.0;0;False;False;False
SAKARYA UYGULAMALI BİLİMLER ÜNİVERSİTESİ;www.subu.edu.tr;True;True;2024-12-24 00:00:00;2025-12-24 23:59:59;True;False;True;True;False;False;False;True;3;True;True;False;True;True;Kapsam Dışı;True;False;False;False;True;True;False;False;False;True;False;True;True;False;True;False;62;True;False;{};;b'';[];False;False;False;False;False;False;False;False;False;False;False;False;False;False;0.0;0;False;False;False
SAKARYA ÜNİVERSİTESİ;http://www.sakarya.edu.tr;True;True;2024-07-23 00:00:00;2025-08-23 23:59:59;False;False;False;False;False;False;True;True;0;True;False;False;False;True;Kapsam Dışı;True;False;False;False;False;True;False;False;True;True;True;True;True;True;True;False;718;True;False;{};;b'';[];False;False;False;False;False;False;False;False;False;False;False;False;False;False;0.0;0;False;False;False
SAMSUN ÜNİVERSİTESİ;www.samsun.edu.tr;True;True;2025-04-10 23:03:43;2025-07-10 00:02:07;False;False;False;False;False;False;True;True;0;True;True;False;True;True;Kapsam Dışı;False;False;False;False;True;True;False;False;True;True;True;True;True;True;True;False;644;True;False;{};;b'';[];False;False;False;False;False;False;False;False;False;False;False;False;False;False;0.0;0;False;False;False
SANKO ÜNİVERSİTESİ;http://www.sanko.edu.tr;False;False;;;False;False;False;False;False;True;True;True;0;True;False;False;False;True;Kapsam Dışı;False;False;False;False;False;False;False;False;False;False;False;False;False;False;True;False;-1;False;True;{};;b'';[];False;False;False;False;False;False;False;False;False;False;False;False;False;False;0.0;0;False;False;False
SELÇUK ÜNİVERSİTESİ;http://www.selcuk.edu.tr/;True;True;2024-12-12 00:00:00;2026-01-12 23:59:59;False;False;False;False;False;False;True;True;0;True;False;False;False;True;Kapsam Dışı;True;False;False;False;False;False;False;False;False;False;False;False;False;False;True;False;-1;False;True;{};;b'';[];False;False;False;False;False;False;False;False;False;False;False;False;False;False;0.0;0;False;False;False
SİİRT ÜNİVERSİTESİ;http://siirt.edu.tr;True;True;2025-03-18 00:00:00;2026-04-18 23:59:59;True;False;False;False;False;False;True;True;1;True;False;True;False;True;Kapsam Dışı;False;False;False;True;False;True;False;False;False;True;True;True;True;True;True;False;1367;False;False;{};;b'';[];False;False;False;False;False;False;False;False;False;False;False;False;False;False;0.0;0;False;False;False
SİNOP ÜNİVERSİTESİ;http://www.sinop.edu.tr;True;True;2024-08-12 00:00:00;2025-08-09 23:59:59;False;True;True;False;False;False;True;True;2;True;False;False;True;True;Kapsam Dışı;False;False;False;True;False;True;False;False;False;True;True;True;True;True;True;False;2182;False;False;{};;b'';[];False;False;False;False;False;False;False;False;False;False;False;False;False;False;0.0;0;False;False;False
SİVAS BİLİM VE TEKNOLOJİ ÜNİVERSİTESİ;http://www.sivas.edu.tr/;True;True;2024-12-03 00:00:00;2025-12-03 23:59:59;True;True;True;True;True;False;False;False;5;True;True;False;True;True;Kapsam Dışı;False;False;False;False;True;True;False;True;True;True;True;True;True;True;True;False;924;True;False;{};;b'';[];False;False;False;False;False;False;False;False;False;False;False;False;False;False;0.0;0;False;False;False
SİVAS CUMHURİYET ÜNİVERSİTESİ;http://www.cumhuriyet.edu.tr;True;True;2024-12-04 12:53:40;2026-01-05 12:53:39;False;False;False;False;False;False;True;True;0;True;True;False;True;True;Kapsam Dışı;False;False;False;False;False;True;False;False;True;True;False;True;True;True;True;False;607;True;False;{};;b'';[];False;False;False;False;False;False;False;False;False;False;False;False;False;False;0.0;0;False;False;False
SÜLEYMAN DEMİREL ÜNİVERSİTESİ;http://www.sdu.edu.tr/;True;True;2024-09-18 00:00:00;2025-06-01 23:59:59;False;False;False;False;False;False;True;True;0;True;False;False;False;True;Kapsam Dışı;False;False;False;True;True;True;False;False;False;True;True;True;True;True;True;False;1826;True;False;{};;b'';[];False;False;False;False;False;False;False;False;False;False;False;False;False;False;0.0;0;False;False;False
ŞIRNAK ÜNİVERSİTESİ;http://www.sirnak.edu.tr;True;True;2025-01-02 00:00:00;2026-02-02 23:59:59;True;False;False;False;False;False;True;True;1;True;True;False;True;True;Kapsam Dışı;False;False;False;True;True;True;False;False;False;True;False;True;True;True;True;False;117;True;False;{};;b'';[];False;False;False;False;False;False;False;False;False;False;False;False;False;False;0.0;0;False;False;False
TARSUS ÜNİVERSİTESİ;www.tarsus.edu.tr;True;True;2024-12-18 00:00:00;2026-01-18 23:59:59;True;True;False;False;False;False;True;False;2;True;False;False;False;True;Kapsam Dışı;False;False;False;True;False;True;False;False;True;False;True;True;True;True;True;False;860;True;False;{};;b'';[];False;False;False;False;False;False;False;False;False;False;False;False;False;False;0.0;0;False;False;False
TED ÜNİVERSİTESİ;http://www.tedu.edu.tr;True;True;2025-02-06 13:13:32;2026-03-10 13:13:31;True;False;True;True;False;False;False;True;3;True;False;False;False;True;Kapsam Dışı;False;False;True;False;True;True;False;False;True;True;True;True;True;True;True;True;617;True;False;{};;b'';[];False;False;False;False;False;False;False;False;False;False;False;False;False;False;0.0;0;False;False;False
TEKİRDAĞ NAMIK KEMAL ÜNİVERSİTESİ;http://www.nku.edu.tr;True;True;2024-06-12 06:58:26;2025-06-12 06:58:26;False;False;False;False;False;False;True;True;0;True;True;False;True;True;Kapsam Dışı;False;False;False;False;True;True;True;False;True;True;True;True;True;True;True;False;741;True;False;{};;b'';[];False;False;False;False;False;False;False;False;False;False;False;False;False;False;0.0;0;False;False;False
TOBB EKONOMİ VE TEKNOLOJİ ÜNİVERSİTESİ;www.etu.edu.tr;True;True;2024-11-26 00:00:00;2025-12-27 23:59:59;False;False;True;True;False;False;False;True;2;True;True;False;True;True;Kapsam Dışı;False;False;False;False;True;True;False;False;True;False;False;True;True;True;True;False;165;False;False;{};;b'';[];False;False;False;False;False;False;False;False;False;False;False;False;False;False;0.0;0;False;False;False
TOKAT GAZİOSMANPAŞA ÜNİVERSİTESİ;www.gop.edu.tr;True;True;2024-07-31 00:00:00;2025-07-30 23:59:59;False;False;False;False;False;False;True;True;0;True;True;True;False;True;Kapsam Dışı;False;False;False;False;False;True;False;False;True;True;True;True;True;False;True;False;1323;True;False;{};;b'';[];False;False;False;False;False;False;False;False;False;False;False;False;False;False;0.0;0;False;False;False
TOROS ÜNİVERSİTESİ;www.toros.edu.tr;True;True;2025-04-19 01:16:13;2025-07-18 02:14:41;False;False;True;True;False;False;False;True;2;True;False;False;False;True;Kapsam Dışı;False;False;False;True;False;True;False;False;False;True;True;True;True;True;True;False;1677;True;False;{};;b'';[];False;False;False;False;False;False;False;False;False;False;False;False;False;False;0.0;0;False;False;False
TRABZON ÜNİVERSİTESİ;www.trabzon.edu.tr;True;True;2025-03-17 00:00:00;2026-04-17 23:59:59;False;False;False;False;False;False;True;True;0;True;False;False;False;True;Kapsam Dışı;False;False;False;True;False;True;False;False;True;False;False;True;True;True;True;False;1442;True;False;{};;b'';[];False;False;False;False;False;False;False;False;False;False;False;False;False;False;0.0;0;False;False;False
TRAKYA ÜNİVERSİTESİ;http://www.trakya.edu.tr/;True;True;2025-05-08 06:48:49;2026-06-09 06:48:48;True;False;False;False;False;False;True;True;1;True;True;False;True;True;Kapsam Dışı;True;False;False;True;False;True;False;False;True;False;False;True;True;True;True;False;790;False;False;{};;b'';[];False;False;False;False;False;False;False;False;False;False;False;False;False;False;0.0;0;False;False;False
TÜRK HAVA KURUMU ÜNİVERSİTESİ;http://www.thk.edu.tr;False;False;;;False;False;False;False;False;True;True;True;0;True;False;False;False;True;Kapsam Dışı;False;False;False;False;False;False;False;False;False;False;False;False;False;False;True;False;-1;False;True;{};;b'';[];False;False;False;False;False;False;False;False;False;False;False;False;False;False;0.0;0;False;False;False
TÜRK-ALMAN ÜNİVERSİTESİ;http://www.tau.edu.tr/;True;True;2024-09-19 00:00:00;2025-09-21 23:59:59;False;False;False;False;False;False;True;True;0;True;False;False;False;True;Kapsam Dışı;False;False;False;True;False;True;False;False;True;False;False;True;True;True;True;False;1259;False;False;{};;b'';[];False;False;False;False;False;False;False;False;False;False;False;False;False;False;0.0;0;False;False;False
TÜRKİYE ULUSLARARASI İSLAM, BİLİM VE TEKNOLOJİ ÜNİVERSİTESİ;-;False;False;;;False;False;False;False;False;True;True;True;0;True;False;False;False;True;Kapsam Dışı;True;False;False;False;False;False;False;False;False;False;False;False;False;False;True;False;-1;False;True;{};;b'';[];False;False;False;False;False;False;False;False;False;False;False;False;False;False;0.0;0;False;False;False
TÜRK-JAPON BİLİM VE TEKNOLOJİ ÜNİVERSİTESİ;-;False;False;;;False;False;False;False;False;True;True;True;0;True;False;False;False;True;Kapsam Dışı;True;False;False;False;False;False;False;False;False;False;False;False;False;False;True;False;-1;False;True;{};;b'';[];False;False;False;False;False;False;False;False;False;False;False;False;False;False;0.0;0;False;False;False
UFUK ÜNİVERSİTESİ;http://www.ufuk.edu.tr;True;True;2025-05-18 18:57:42;2025-08-16 18:57:41;False;False;False;False;False;False;True;True;0;True;True;False;True;True;Kapsam Dışı;False;False;False;True;False;True;False;False;True;True;True;True;True;False;True;False;1126;False;False;{};;b'';[];False;False;False;False;False;False;False;False;False;False;False;False;False;False;0.0;0;False;False;False
UŞAK ÜNİVERSİTESİ;http://www.usak.edu.tr;True;True;2024-09-20 00:00:00;2025-10-21 23:59:59;True;False;False;False;False;False;True;True;1;True;True;False;True;True;Kapsam Dışı;False;False;False;True;True;True;False;False;False;True;False;True;True;True;True;False;1413;True;False;{};;b'';[];False;False;False;False;False;False;False;False;False;False;False;False;False;False;0.0;0;False;False;False
ÜSKÜDAR ÜNİVERSİTESİ;http://www.uskudar.edu.tr;True;True;2025-04-16 11:52:27;2025-07-15 11:52:26;False;False;False;False;False;False;True;True;0;True;True;False;True;True;Kapsam Dışı;False;False;False;False;True;True;False;False;True;True;True;True;True;True;True;False;605;False;False;{};;b'';[];False;False;False;False;False;False;False;False;False;False;False;False;False;False;0.0;0;False;False;False
VAN YÜZÜNCÜ YIL ÜNİVERSİTESİ;http://www.yyu.edu.tr/;False;False;;;False;False;False;False;False;True;True;True;0;True;False;False;False;True;Kapsam Dışı;False;False;False;False;False;False;False;False;False;False;False;False;False;False;True;False;-1;False;True;{};;b'';[];False;False;False;False;False;False;False;False;False;False;False;False;False;False;0.0;0;False;False;False
YALOVA ÜNİVERSİTESİ;http://www.yalova.edu.tr/rektorl uk;True;True;2024-09-09 00:00:00;2025-10-10 23:59:59;True;False;False;False;False;False;True;True;1;True;False;False;True;True;Kapsam Dışı;True;False;False;False;False;True;True;False;True;False;False;True;True;True;True;False;909;True;False;{};;b'';[];False;False;False;False;False;False;False;False;False;False;False;False;False;False;0.0;0;False;False;False
YAŞAR ÜNİVERSİTESİ;http://www.yasar.edu.tr;True;True;2024-11-01 00:00:00;2025-12-01 23:59:59;False;False;True;True;True;False;False;True;3;True;False;False;False;True;Kapsam Dışı;False;False;False;False;True;False;False;True;True;False;False;True;True;True;True;False;600;False;False;{};;b'';[];False;False;False;False;False;False;False;False;False;False;False;False;False;False;0.0;0;False;False;False
YEDİTEPE ÜNİVERSİTESİ;http://www.yeditepe.edu.tr/;True;True;2024-08-05 00:00:00;2025-08-08 23:59:59;True;False;True;True;True;False;False;True;4;True;False;False;False;True;Kapsam Dışı;False;False;True;False;True;True;False;True;True;True;True;True;True;True;True;False;82;False;False;{};;b'';[];False;False;False;False;False;False;False;False;False;False;False;False;False;False;0.0;0;False;False;False
YILDIZ TEKNİK ÜNİVERSİTESİ;http://www.yildiz.edu.tr;True;True;2024-10-17 00:00:00;2025-11-17 23:59:59;False;False;True;True;False;False;False;True;2;True;True;False;True;True;Kapsam Dışı;False;False;True;False;False;True;False;False;True;True;True;True;True;True;True;False;677;True;False;{};;b'';[];False;False;False;False;False;False;False;False;False;False;False;False;False;False;0.0;0;False;False;False
YOZGAT BOZOK ÜNİVERSİTESİ;http://www.bozok.edu.tr/;True;True;2024-11-26 00:00:00;2025-10-21 23:59:59;False;False;False;False;False;False;True;True;0;True;True;False;True;True;Kapsam Dışı;False;False;False;True;True;True;False;False;False;False;False;True;True;True;True;False;3439;True;False;{};;b'';[];False;False;False;False;False;False;False;False;False;False;False;False;False;False;0.0;0;False;False;False
YÜKSEK İHTİSAS ÜNİVERSİTESİ;www.yuksekihtisasuniversitesi.e du.tr;False;False;;;False;False;False;False;False;True;True;True;0;True;False;False;False;True;Kapsam Dışı;False;False;False;False;False;False;False;False;False;False;False;False;False;False;True;False;-1;False;True;{};;b'';[];False;False;False;False;False;False;False;False;False;False;False;False;False;False;0.0;0;False;False;False
ZONGULDAK BÜLENT ECEVİT ÜNİVERSİTESİ;https://www.beun.edu.tr;False;False;;;False;False;False;False;False;True;True;True;0;True;False;False;False;True;Kapsam Dışı;False;False;False;False;False;False;False;False;False;False;False;False;False;False;True;False;-1;False;True;{};;b'';[];False;False;False;False;False;False;False;False;False;False;False;False;False;False;0.0;0;False;False;False
